{"isr": {"isr_log": [9.713600599026496e-06, 1.5287737666828716e-08, 129], "postISRCCD": [0.08941010680309562, 0.004931569201417155, 129], "isr_metadata": [1.3384830870831659e-05, 2.4492986467083016e-08, 129]}, "characterizeImage": {"icSrc": [0.0006235200305317723, 0.0001849131103730643, 129], "characterizeImage_metadata": [2.096312539291012e-05, 2.5574816260692938e-08, 129], "icExpBackground": [8.046627044677734e-05, 0.0, 129], "icExp": [0.10060745616291844, 0.0028885290343077176, 129], "characterizeImage_log": [3.228465802678766e-05, 4.377382148495395e-08, 129]}, "calibrate": {"calexpBackground": [0.00010728836059570312, 0.0, 129], "calibrate_metadata": [3.33771138459213e-05, 6.430299398337726e-08, 129], "calexp": [0.10077017684315526, 0.0028685732250979643, 129], "srcMatch": [1.0728836059570312e-05, 0.0, 129], "src": [0.005313019419825355, 0.00243180928765502, 129], "calibrate_log": [1.9298895269401315e-05, 4.341674009338111e-07, 129]}, "writeSourceTable": {"writeSourceTable_metadata": [3.020329646361891e-06, 8.280870316559381e-09, 129], "source": [0.002829247825714045, 0.0012165590487619045, 129], "writeSourceTable_log": [1.1968505821486776e-06, 2.8387083994447636e-09, 129]}, "transformSourceTable": {"sourceTable": [0.0010200724684337314, 0.00044211857689801463, 129], "transformSourceTable_log": [3.0181709994641386e-06, 5.331180538247375e-09, 129], "transformSourceTable_metadata": [3.025628799615904e-06, 9.741103257705563e-09, 129]}, "makeWarp": {"makeWarp_metadata": [1.399709532658259e-05, 8.136804581290079e-07, 60], "deepCoadd_directWarp": [0.10208773612976074, 0.0016391682684827535, 60], "makeWarp_log": [1.94681187470754e-05, 2.6343315444265747e-06, 60], "deepCoadd_psfMatchedWarp": [0.09829366207122803, 0.0017660665382309181, 60]}, "consolidateVisitSummary": {"consolidateVisitSummary_metadata": [3.028164307276408e-06, 9.954652923628764e-09, 30], "consolidateVisitSummary_log": [6.408741076787313e-07, 1.3330895797401596e-09, 30], "visitSummary": [9.807944297790527e-05, 7.480857841643911e-06, 30]}, "consolidateSourceTable": {"consolidateSourceTable_log": [1.1787749826908112e-06, 1.99963436961024e-09, 30], "sourceTable_visit": [0.004171266406774521, 0.002178413566037853, 30], "consolidateSourceTable_metadata": [3.023818135261536e-06, 6.678736630452671e-09, 30]}, "selectGoodSeeingVisits": {"selectGoodSeeingVisits_metadata": [3.0222969750563302e-06, 8.389086224679934e-09, 6], "selectGoodSeeingVisits_log": [6.956979632377625e-07, 0.0, 6], "goodSeeingVisits": [5.851810177167257e-08, 2.3075175700272288e-09, 6]}, "assembleCoadd": {"deepCoadd_inputMap": [0.00588342547416687, 1.341104507446289e-06, 6], "assembleCoadd_metadata": [3.439001739025116e-05, 9.004658043087991e-08, 6], "deepCoadd_nImage": [0.032859742641448975, 0.0, 6], "assembleCoadd_log": [1.8412868181864422e-05, 1.164049733383747e-08, 6], "deepCoadd": [0.1150408387184143, 0.0011936700714164112, 6]}, "detection": {"detection_log": [6.658956408500671e-06, 5.376993391566218e-10, 6], "detection_metadata": [5.308383454879125e-06, 1.0610766808634376e-08, 6], "deepCoadd_calexp": [0.11517852544784546, 0.001113604243508741, 6], "deepCoadd_calexp_background": [1.8775463104248047e-05, 0.0, 6], "deepCoadd_det": [0.002999603748321533, 0.0011184079017021336, 6]}, "healSparsePropertyMaps": {"healSparsePropertyMaps_log": [1.1604279279708862e-06, 0.0, 6], "healSparsePropertyMaps_metadata": [4.672290136416753e-06, 9.179028025500798e-09, 6], "deepCoadd_dcr_e2_map_weighted_mean": [0.00019177794456481934, 2.0485709734063626e-06, 6], "deepCoadd_dcr_ddec_map_weighted_mean": [0.00019222497940063477, 1.264405455326821e-06, 6], "deepCoadd_dcr_e1_map_weighted_mean": [0.0001913309097290039, 1.264405455326821e-06, 6], "deepCoadd_psf_maglim_map_weighted_mean": [0.00025212764739990234, 0.0, 6], "deepCoadd_exposure_time_map_sum": [0.00017702579498291016, 0.0, 6], "deepCoadd_psf_size_map_weighted_mean": [0.0002601742744445801, 1.548574096771071e-06, 6], "deepCoadd_sky_noise_map_weighted_mean": [0.00019043684005737305, 1.548574096771071e-06, 6], "deepCoadd_psf_e2_map_weighted_mean": [0.00027358531951904297, 3.097148193542142e-06, 6], "deepCoadd_sky_background_map_weighted_mean": [0.0001913309097290039, 1.264405455326821e-06, 6], "deepCoadd_dcr_dra_map_weighted_mean": [0.0001913309097290039, 1.264405455326821e-06, 6], "deepCoadd_psf_e1_map_weighted_mean": [0.00027447938919067383, 2.528810910653642e-06, 6]}, "templateGen": {"goodSeeingCoadd_nImage": [0.032859742641448975, 0.0, 6], "templateGen_log": [1.8293503671884537e-05, 1.1838547243220325e-08, 6], "goodSeeingCoadd": [0.1150408387184143, 0.0011936700714164112, 6], "templateGen_metadata": [3.4261650095383324e-05, 2.282162637237814e-08, 6]}, "imageDifference": {"imageDifference_log": [1.9996513634227042e-05, 7.899965150833046e-06, 129], "goodSeeingDiff_differenceExp": [0.03187465299036085, 0.023720645591429248, 97], "goodSeeingDiff_diaSrc": [0.0001176024220653416, 2.952400118142451e-05, 97], "imageDifference_metadata": [1.991167664527893e-05, 7.639491251638361e-06, 120]}, "transformDiaSourceCat": {"goodSeeingDiff_diaSrcTable": [2.4291581099795312e-05, 3.5807293329491855e-06, 97], "transformDiaSourceCat_log": [2.3974648987253506e-06, 5.644056795278645e-08, 120], "transformDiaSourceCat_metadata": [3.955427867670854e-06, 1.1563617573488784e-06, 120]}, "consolidateDiaSourceTable": {"consolidateDiaSourceTable_metadata": [3.0267578752144524e-06, 7.667489919030555e-09, 23], "diaSourceTable": [3.32193449139595e-05, 5.5787534721927335e-06, 23], "consolidateDiaSourceTable_log": [1.820087756799615e-06, 6.58071413460052e-07, 23]}, "makeVisitTable": {"visitTable": [9.795650839805603e-06, 0.0, 1], "makeVisitTable_metadata": [3.03611159324646e-06, 0.0, 1], "makeVisitTable_log": [5.876645445823669e-07, 0.0, 1]}, "makeCcdVisitTable": {"makeCcdVisitTable_log": [5.932524800300598e-07, 0.0, 1], "CcdVisitTable": [3.469828516244888e-05, 0.0, 1], "makeCcdVisitTable_metadata": [3.012828528881073e-06, 0.0, 1]}, "drpAssociation": {"drpAssociation_metadata": [NaN, NaN, 0], "drpAssociation_log": [NaN, NaN, 0], "goodSeeingDiff_diaObjTable": [NaN, NaN, 0], "goodSeeingDiff_assocDiaSrcTable": [NaN, NaN, 0]}, "drpDiaCalculation": {"goodSeeingDiff_fullDiaObjTable": [NaN, NaN, 0], "drpDiaCalculation_metadata": [NaN, NaN, 0], "drpDiaCalculation_log": [NaN, NaN, 0]}, "mergeDetections": {"mergeDetections_log": [2.1457672119140625e-06, 0.0, 1], "mergeDetections_metadata": [3.0919909477233887e-06, 0.0, 1], "deepCoadd_mergeDet": [0.005951821804046631, 0.0, 1]}, "deblend": {"deepCoadd_deblendedFlux": [0.1235237717628479, 0.0, 6], "deblend_log": [1.7657876014709473e-06, 0.0, 1], "deblend_metadata": [6.1998143792152405e-06, 0.0, 1]}, "measure": {"measure_log": [7.668665299812952e-06, 1.362053737570861e-09, 6], "deepCoadd_measMatchFull": [0.0034484267234802246, 3.6863436927953308e-06, 6], "measure_metadata": [6.642347822586696e-06, 1.1907541760560539e-08, 6], "deepCoadd_meas": [0.16267061233520508, 0.0, 6], "deepCoadd_measMatch": [3.4868717193603516e-05, 0.0, 6]}, "mergeMeasurements": {"mergeMeasurements_metadata": [3.039836883544922e-06, 0.0, 1], "deepCoadd_ref": [0.16268670558929443, 0.0, 1], "mergeMeasurements_log": [6.137415766716003e-07, 0.0, 1]}, "forcedPhotCcd": {"forced_src": [0.004066978868150033, 0.004285980892368962, 211], "forcedPhotCcd_metadata": [4.848593325129052e-06, 1.1384864670568345e-08, 211], "forcedPhotCcd_log": [1.850573266569472e-06, 3.2374506864407553e-09, 211]}, "forcedPhotDiffim": {"forcedPhotDiffim_metadata": [4.177109390345927e-06, 1.3324284415760515e-06, 197], "forcedPhotDiffim_log": [1.8249525863507073e-06, 8.362532329161406e-08, 197], "forced_diff": [0.005394644462145292, 0.004250161564153811, 156]}, "forcedPhotCoadd": {"forcedPhotCoadd_log": [8.330804606278737e-05, 0.0001809762425764061, 6], "forcedPhotCoadd_metadata": [4.879198968410492e-06, 1.153236604047735e-08, 6], "deepCoadd_forced_src": [0.16093522310256958, 0.0, 6]},