{"templateGen": {"cpu_time (m)": [0.12894410345655483, 1.1537892804442265], "maxRSS (GB)": [0.0005104808907742069, 1.4670965660781126]}, "assembleCoadd": {"cpu_time (m)": [0.5085138880568688, 0.6968721588197773], "maxRSS (GB)": [0.0002021717142639847, 1.4737419932198]}, "detection": {"cpu_time (m)": [0.1014925694430352, 0.912186257015771], "maxRSS (GB)": [0.004891613597805824, 1.1269697358298278]}, "measure": {"cpu_time (m)": [5.594255730845508, 35.61071388952574], "maxRSS (GB)": [0.02718915651560841, 1.3198805648881307]}, "forcedPhotCoadd": {"cpu_time (m)": [7.564548236111543, 32.35100213787398], "maxRSS (GB)": [0.0057331658446128034, 1.4615206135467402]}, "deblend": {"cpu_time (m)": [0, 105.86541424166667], "maxRSS (GB)": [0, 6.984100341796875]}, "makeWarp": {"cpu_time (m)": [0, 3.5052917478500003], "maxRSS (GB)": [0, 3.1954801559448245]}, "isr": {"cpu_time (m)": [0, 1.1741224844416667], "maxRSS (GB)": [0, 2.5884780883789062]}, "characterizeImage": {"cpu_time (m)": [0, 2.254699412725], "maxRSS (GB)": [0, 0.8281402587890625]}, "calibrate": {"cpu_time (m)": [0, 1.3855723208833335], "maxRSS (GB)": [0, 0.7877159118652344]}, "consolidateVisitSummary": {"cpu_time (m)": [0, 0.24645900361749995], "maxRSS (GB)": [0, 0.28992519378662107]}, "skyCorrectionTask": {"cpu_time (m)": [0, 19.940027417664172], "maxRSS (GB)": [0, 12.592197608947755]}}